kode_provinsi,nama_provinsi,kode_kabupaten_kotakode_kabupaten_kota,nama_kabupaten_kota,tahun,Nama_Sungai,Tahap,Lokasi_Sampling,Lintang_Selatan,Bujur_Timur,pH,Suhu_(0C),DHL_(µS/cm),Salinitas_(ppt),Do_(mg/L),TDS_(mg/L),TSS_(mg/L),BOD_(mg/L),COD_(mg/L),Nitrat_(mg/L),Nitrit_(mg/L),Fenol_(µg/L),Sulfida_(mg/L),Sianida_(mg/L),Phospat_(mg/L),MBAS_(µg/L),M&L_(µg/L),NH3N_(mg/L),Klorin_(mg/L),EColi_(MPN/100ml),Coliform_(MPN/100ml),Mercury_(mg/L),Nilai_IP,Status_MutuAir,Latitude,Longitude
11,Aceh,11.71,Kota Banda Aceh,2020,Krueng Lamnyong,I,Titik I - Belakang Pasantren Al-Manar Desa Bakoy Kec. Ingin Jaya,"05o 31’ 36,4”","095o 22’ 08,0”",7.3,26.4,2880.0,2891.0,5.22,2658.0,30.0,2.06,25.67,5613.0,0.03,0.1,0.001,0.0148,0.5015,104.09,439.2,0.112,0.03,934.0,2427.0,0.0,7.879,Cemar Sedang,-5.526777777777777,95.36888888888888
11,Aceh,11.71,Kota Banda Aceh,2020,Krueng Lamnyong,I,Titik II - Jembatan Cot Iri Kec. Krueng Barona Jaya,"05o 32’08,32”","095 22’ 18,6”",7.17,28.7,24110.0,29.21,4.27,22200.0,29.0,2.0,38.5,5590.0,0.036,0.1,0.001,0.0242,0.3036,44.01,447.2,0.435,0.06,857.0,2500.0,0.0,7.587,Cemar Sedang,-5.535644444444444,95.37183333333333
11,Aceh,11.71,Kota Banda Aceh,2020,Krueng Lamnyong,I,Titik III - Jembatan Lamnyong Kec. Syiah Kuala,"05o 34’20,29”","095o 21’34,73” ",7.47,27.4,26790.0,32.99,5.31,24710.0,26.0,2.25,47.48,5011.0,0.03,0.1,0.001,0.0157,0.4722,26.85,458.8,0.074,0.02,262.0,1872.0,0.0,7.268,Cemar Sedang,-5.572302777777778,95.35964722222222
11,Aceh,11.71,Kota Banda Aceh,2020,Krueng Lamnyong,I,Titik IV - Jembatan Krueng Cut Desa Tibang Kec. Syiah Kuala,"05o 35’ 06,5”","0950 21’ 41,1”",7.58,27.7,36530.0,47.04,4.9,33690.0,26.0,2.57,69.29,3251.0,0.03,0.1,0.001,0.0181,0.2138,44.01,443.2,0.068,0.02,10.0,1585.0,0.0,7.89,Cemar Sedang,-5.585138888888888,950.3614166666667
11,Aceh,11.71,Kota Banda Aceh,2020,Krueng Lamnyong,II,Titik I - Belakang Pasantren Al-Manar Desa Bakoy Kec. Ingin Jaya,"05o 31’ 36,4”","095o 22’ 08,0”",6.98,30.4,166.0,8.11,4.39,8231.0,31.0,2.13,63.52,4.3,0.037,1.0,0.01,0.014,0.04,26.85,406.8,0.167,0.01,911.0,2400.0,0.0,7.879,Cemar Sedang,-5.526777777777777,95.36888888888888
11,Aceh,11.71,Kota Banda Aceh,2020,Krueng Lamnyong,II,Titik II - Jembatan Cot Iri  Kec. Krueng Barona Jaya,"05o 32’08,32”","095 22’ 18,6”",6.97,30.9,3764.0,20.5,3.78,18130.0,30.0,2.02,61.59,4.52,0.03,1.0,0.01,0.0154,0.26,69.76,407.2,0.269,0.01,855.0,2510.0,0.0,7.587,Cemar Sedang,-5.535644444444444,95.37183333333333
11,Aceh,11.71,Kota Banda Aceh,2020,Krueng Lamnyong,II,Titik III - Jembatan Lamnyong Kec. Syiah Kuala,"05o 34’20,29”","095o 21’34,73” ",6.99,30.4,413.0,22.3,5.35,20190.0,26.0,2.06,62.88,4.33,0.03,1.0,0.01,0.0201,0.19,86.93,411.6,0.17,0.03,265.0,1772.0,0.0,7.268,Cemar Sedang,-5.572302777777778,95.35964722222222
11,Aceh,11.71,Kota Banda Aceh,2020,Krueng Lamnyong,II,Titik IV - Jembatan Krueng Cut Desa Tibang Kec. Syiah Kuala,"05o 35’ 06,5”","0950 21’ 41,1”",7.0,30.7,439.0,24.4,5.02,21210.0,25.0,2.29,76.99,4.48,0.03,1.0,0.01,0.0189,0.15,215.66,410.8,0.223,0.02,181.0,1532.0,0.0,7.89,Cemar Sedang,-5.585138888888888,950.3614166666667
11,Aceh,11.71,Kota Banda Aceh,2020,Krueng Aceh,I,Titik I - Desa Peunaloy Kec. Seulimum,"05o 21’ 8,40”","095o 34’ 33,20”",7.43,27.0,190.6,0.09,6.21,175.0,17.0,2.09,25.66,4.43,0.03,1.0,0.001,0.0198,0.3,78.34,428.8,0.06,0.02,683.0,1095.0,0.0,2.313,Cemar Ringan,-5.352333333333333,95.57588888888888
11,Aceh,11.71,Kota Banda Aceh,2020,Krueng Aceh,I,Titik II - Jembatan Pasar Indrapuri Kec. Indrapuri,"05o 24’ 48,5”","095 26’ 46,6”",7.56,28.2,236.0,0.11,5.9,217.8,29.0,2.9,21.82,4.11,0.03,1.0,0.001,0.0297,0.34,86.93,437.6,0.05,0.01,1018.0,1453.0,0.0,2.419,Cemar Ringan,-5.4134722222222225,95.44627777777778
11,Aceh,11.71,Kota Banda Aceh,2020,Krueng Aceh,I,Titik III - Bendungan Karet Lambaro Desa Jurong Peujera Kec. Ingin Jaya,"05o 31’ 07,4”","095o 21’ 44,0” ",7.25,28.8,245.9,0.11,5.29,226.5,25.0,2.56,24.38,4.15,0.03,1.0,0.001,0.0221,0.38,129.84,422.8,0.08,0.02,882.0,1382.0,0.0,2.501,Cemar Ringan,-5.518722222222222,95.36222222222221
11,Aceh,11.71,Kota Banda Aceh,2020,Krueng Aceh,I,Titik III - Jembatan Simpang Surabaya Desa Suka Damai Kec. Baiturrahman,"05o 33’12,54”","0950 19’50,47”",7.2,28.4,302.0,0.14,4.35,278.1,25.0,2.17,20.53,4.41,0.03,1.0,0.001,0.0192,0.38,78.34,431.2,0.13,0.04,884.0,1257.0,0.0,2.506,Cemar Ringan,-5.553483333333333,950.3306861111112
11,Aceh,11.71,Kota Banda Aceh,2020,Krueng Aceh,I,Titik V - Belakang Mesjid Pasar Ikan Desa Peunayong Kec. Kuta Raja,"05o 33’ 43,5”","095o 19’ 06,6”",7.11,28.7,611.0,2.87,4.02,564.1,44.0,3.22,6.42,4.83,0.03,1.0,0.001,0.0204,0.46,121.26,426.4,0.04,0.03,1047.0,2894.0,0.0,2.659,Cemar Ringan,-5.562083333333333,95.3185
11,Aceh,11.71,Kota Banda Aceh,2020,Krueng Aceh,II,Titik I - Desa Peunaloy Kec. Seulimum,"05o 21’ 8,40”","095o 34’ 33,20”",7.74,28.0,160.7,0.08,5.12,80.56,20.0,3.57,35.93,3.57,0.03,1.0,0.01,0.002,0.14,35.43,410.4,0.12,0.01,546.0,1570.0,0.0,2.313,Cemar Ringan,-5.352333333333333,95.57588888888888
11,Aceh,11.71,Kota Banda Aceh,2020,Krueng Aceh,II,Titik II - Jembatan Pasar Indrapuri Kec. Indrapuri ,"05o 24’ 48,5”","095 26’ 46,6”",7.5,29.0,189.8,0.09,5.61,95.42,31.0,4.01,16.68,4.01,0.03,1.0,0.01,0.003,0.12,52.6,412.8,0.17,0.03,718.0,2300.0,0.0,2.419,Cemar Ringan,-5.4134722222222225,95.44627777777778
11,Aceh,11.71,Kota Banda Aceh,2020,Krueng Aceh,II,Titik III - Bendungan Karet Lambaro Desa Jurong Peujera Kec. Ingin Jaya,"05o 31’ 07,4”","095o 21’ 44,0” ",7.7,31.5,183.9,0.09,4.77,92.92,26.0,4.0,30.79,4.0,0.03,1.0,0.01,0.002,0.17,69.76,411.6,0.14,0.02,653.0,1858.0,0.0,2.501,Cemar Ringan,-5.518722222222222,95.36222222222221
11,Aceh,11.71,Kota Banda Aceh,2020,Krueng Aceh,II,Titik IV - Jembatan Simpang Surabaya Desa Suka Damai Kec. Baiturrahman,"05o 33’12,54”","0950 19’50,47”",7.55,30.8,195.7,0.1,4.75,98.64,25.0,3.95,35.93,3.95,0.03,1.0,0.01,0.004,0.2,61.18,417.2,0.12,0.02,707.0,1913.0,0.0,2.506,Cemar Ringan,-5.553483333333333,950.3306861111112
11,Aceh,11.71,Kota Banda Aceh,2020,Krueng Aceh,II,Titik V - Belakang Mesjid Pasar Ikan Desa Peunayong Kec. Kuta Raja,"05o 33’ 43,5”","095o 19’ 06,6”",7.47,30.7,207.6,0.1,4.26,103.93,45.0,4.52,19.25,4.52,0.03,1.0,0.01,0.003,0.14,69.76,420.0,0.13,0.04,1022.0,2508.0,0.0,2.659,Cemar Ringan,-5.562083333333333,95.3185
11,Aceh,11.07,Kabupaten Pidie,2020,Krueng Geumpang,I,Titik I - Desa Bangkeih Kec. Geumpang,"04o 49’ 41,7”","096o 08’ 13,9”",7.28,24.5,126.4,0.06,5.97,116.7,18.0,3.21,20.82,4.28,0.03,0.1,0.001,0.0291,0.2554,112.67,440.8,0.192,0.01,41.0,1436.0,0.00019,2.291,Cemar Ringan,-4.82825,96.13719444444445
11,Aceh,11.07,Kabupaten Pidie,2020,Krueng Geumpang,I,Titik II - Jembatan Besi Keude Geumpang Desa Bangkeih Kec. Geumpang,"04o 50’ 37,3”","096o 07’ 45,3”",7.19,24.5,134.9,0.06,5.52,124.4,29.0,2.48,19.25,4.1,0.03,0.1,0.001,0.0268,0.3445,44.01,434.4,0.057,0.03,487.0,2415.0,0.00019,2.414,Cemar Ringan,-4.843694444444444,96.12925
11,Aceh,11.07,Kabupaten Pidie,2020,Krueng Geumpang,I,Titik III - Jembatan Besi Lhok Turue Desa Turue Kec. Mane,"04o 52' 51,9”","096o 05’ 43,8” ",7.34,24.1,140.6,0.07,5.7,130.4,26.0,2.55,21.82,4.08,0.03,0.1,0.001,0.0172,0.5005,9.68,433.2,0.064,0.05,116.0,1733.0,0.00019,2.692,Cemar Ringan,-4.881083333333334,96.0955
11,Aceh,11.07,Kabupaten Pidie,2020,Krueng Geumpang,I,Titik IV - Jembatan Gantung Desa Alue Batee Meuasah Kec. Mane,"04o 53’ 58,5”","0960 02’ 58,6”",7.41,24.7,234.0,0.11,5.39,224.1,26.0,2.71,24.38,4.09,0.03,0.1,0.001,0.0198,0.0868,18.27,433.6,0.019,0.01,260.0,2427.0,0.00019,1.996,Cemar Ringan,-4.899583333333333,960.0496111111111
11,Aceh,11.07,Kabupaten Pidie,2020,Krueng Geumpang,I,Titik V - Jembatan Gantung Desa Blang Jambo Mie Kec. Mane,"04o 55’ 31,8”","096o 00’ 51,3”",7.47,24.0,147.3,0.07,6.04,135.9,24.0,2.01,24.25,4.06,0.03,0.1,0.001,0.0216,0.1315,35.43,469.6,0.073,0.02,683.0,733.0,0.00019,2.055,Cemar Ringan,-4.9255,96.01425
11,Aceh,11.07,Kabupaten Pidie,2020,Krueng Geumpang,II,Titik I - Desa Bangkeih Kec. Geumpang,"04o 49’ 41,7”","096o 08’ 13,9”",6.98,24.9,125.5,0.11,4.99,61.8,19.0,2.06,75.07,3.75,0.03,1.0,0.01,0.0148,0.2452,69.76,404.8,0.109,0.03,345.0,1510.0,0.00019,2.291,Cemar Ringan,-4.82825,96.13719444444445
11,Aceh,11.07,Kabupaten Pidie,2020,Krueng Geumpang,II,Titik II - Jembatan Besi Keude Geumpang Desa Bangkeih Kec. Geumpang,"04o 50’ 37,3”","096o 07’ 45,3”",6.99,25.7,135.3,0.12,4.9,68.7,27.0,2.03,15.39,3.85,0.03,1.0,0.01,0.0242,0.1193,61.18,406.4,0.125,0.02,528.0,2489.0,0.00019,2.414,Cemar Ringan,-4.843694444444444,96.12925
11,Aceh,11.07,Kabupaten Pidie,2020,Krueng Geumpang,II,Titik III - Jembatan Besi Lhok Turue Desa Turue Kec. Mane,"04o 52' 51,9”","096o 05’ 43,8” ",7.0,25.1,148.5,0.11,4.97,81.3,21.0,2.03,17.97,3.63,0.03,1.0,0.01,0.0157,0.1434,78.34,407.2,0.13,0.02,581.0,1727.0,0.00019,2.692,Cemar Ringan,-4.881083333333334,96.0955
11,Aceh,11.07,Kabupaten Pidie,2020,Krueng Geumpang,II,Titik IV - Jembatan Gantung Desa Alue Batee Meuasah Kec. Mane,"04o 53’ 58,5”","0960 02’ 58,6”",7.0,24.3,231.0,0.2,4.92,102.5,25.0,2.02,20.53,4.05,0.033,1.0,0.01,0.0181,0.1453,85.93,411.6,0.097,0.02,832.0,2489.0,0.00019,1.996,Cemar Ringan,-4.899583333333333,960.0496111111111
11,Aceh,11.07,Kabupaten Pidie,2020,Krueng Geumpang,II,Titik V - Jembatan Gantung Desa Blang Jambo Mie Kec. Mane,"04o 55’ 31,8”","096o 00’ 51,3”",7.01,24.4,161.8,0.14,5.27,79.1,23.0,2.2,24.38,3.42,0.03,1.0,0.01,0.0192,0.1685,44.01,409.2,0.143,0.01,1059.0,1063.0,0.00019,2.055,Cemar Ringan,-4.9255,96.01425
11,Aceh,11.11,Kabupaten Bireun,2020,Krueng Peusangan,I,Titik I - Desa Suka Tani Kec. Juli,"04o 59’ 07,3”","096o 41’ 47,2”",7.48,26.1,40.53,0.03,4.94,20.36,21.0,2.23,37.21,5.26,0.03,1.0,0.001,0.0186,0.19,52.6,418.8,0.13,0.02,695.0,2091.0,0.0,2.305,Cemar Ringan,-4.985361111111112,96.69644444444445
11,Aceh,11.11,Kabupaten Bireun,2020,Krueng Peusangan,I,Titik II - Jembatan Besi Desa Simpang Jaya Kec. Juli,"05o 06’ 38,8”","096o 39’ 07,3”",7.64,26.9,207.3,0.11,6.23,104.2,31.0,2.22,2.51,5.41,0.03,1.0,0.001,0.0166,0.24,44.01,425.2,0.29,0.01,828.0,1668.0,0.0,2.142,Cemar Ringan,-5.110777777777778,96.65202777777779
11,Aceh,11.11,Kabupaten Bireun,2020,Krueng Peusangan,I,Titik III - Bendungan/ Intake PDAM Desa Beunyot Kec. Juli,"05o 06' 54,9”","096o 42’ 07,1” ",7.77,27.2,210.2,0.11,5.9,105.0,28.0,2.05,19.25,5.31,0.03,1.0,0.001,0.0192,0.24,18.27,440.4,0.15,0.04,955.0,1229.0,0.0,2.242,Cemar Ringan,-5.11525,96.70197222222222
11,Aceh,11.11,Kabupaten Bireun,2020,Krueng Peusangan,I,Titik IV - Jembatan Besi Desa Kubu Kec. Peusangan,"05o 11’ 0,3”","0960 48’ 16,1”",7.32,28.5,191.5,0.1,5.73,96.38,27.0,2.28,16.68,5.11,0.03,1.0,0.001,0.0172,0.25,69.76,437.2,0.12,0.03,767.0,1852.0,0.0,2.188,Cemar Ringan,-5.183416666666667,960.8044722222222
11,Aceh,11.11,Kabupaten Bireun,2020,Krueng Peusangan,I,Titik V - Desa Tingkeum Manyang Kec. Kutablang,"05o 12’ 58,3”","096o 49’ 42,1”",7.26,27.9,197.7,0.1,5.91,99.13,27.0,2.46,24.38,5.31,0.03,1.0,0.001,0.021,0.3,95.51,446.8,0.17,0.01,811.0,2812.0,0.0,2.322,Cemar Ringan,-5.216194444444445,96.82836111111111
11,Aceh,11.11,Kabupaten Bireun,2020,Krueng Peusangan,II,Titik I - Desa Suka Tani Kec. Juli,"04o 59’ 07,3”","096o 41’ 47,2”",6.98,25.7,31.6,0.01,5.47,29.1,22.0,2.06,12.19,2.07,0.03,1.0,0.01,0.0134,0.2,35.43,409.2,0.14,0.01,784.0,1616.0,0.0,2.305,Cemar Ringan,-4.985361111111112,96.69644444444445
11,Aceh,11.11,Kabupaten Bireun,2020,Krueng Peusangan,II,Titik II - Jembatan Besi Desa Simpang Jaya Kec. Juli,"05o 06’ 38,8”","096o 39’ 07,3”",6.37,26.4,126.9,0.06,5.93,106.3,44.0,2.68,19.25,2.28,0.03,1.0,0.01,0.0122,0.19,44.01,410.4,0.19,0.01,909.0,1782.0,0.0,2.142,Cemar Ringan,-5.110777777777778,96.65202777777779
11,Aceh,11.11,Kabupaten Bireun,2020,Krueng Peusangan,II,Titik III - Bendungan/ Intake PDAM Desa Beunyot Kec. Juli,"05o 06' 54,9”","096o 42’ 07,1” ",6.21,26.0,134.0,0.08,6.51,92.4,42.0,2.95,42.35,2.64,0.03,1.0,0.01,0.0186,0.19,26.85,411.2,0.09,0.02,1010.0,2012.0,0.0,2.242,Cemar Ringan,-5.11525,96.70197222222222
11,Aceh,11.11,Kabupaten Bireun,2020,Krueng Peusangan,II,Titik IV - Jembatan Besi Desa Kubu Kec. Peusangan,"05o 11’ 0,3”","0960 48’ 16,1”",7.11,27.1,135.1,0.09,6.78,90.6,23.0,3.99,37.21,4.04,0.03,1.0,0.01,0.0201,0.18,18.27,408.4,0.1,0.01,933.0,1968.0,0.0,2.188,Cemar Ringan,-5.183416666666667,960.8044722222222
11,Aceh,11.11,Kabupaten Bireun,2020,Krueng Peusangan,II,Titik V - Desa Tingkeum Manyang Kec. Kutablang,"05o 12’ 58,3”","096o 49’ 42,1”",7.35,27.4,137.5,0.1,7.12,98.2,37.0,3.82,19.25,4.16,0.03,1.0,0.01,0.0172,0.22,35.43,420.8,0.17,0.02,1017.0,2178.0,0.0,2.322,Cemar Ringan,-5.216194444444445,96.82836111111111
11,Aceh,11.17,Kabupaten Bener Meriah,2020,Krueng Keureuto,I,Titik I - Gampong Teungoh Seuleumak Kec. Matang Kuli,"05o 01’33,06”","097o 14’26,03”",7.07,27.9,267.1,0.08,5.1,148.0,23.0,2.23,3.75,4.4,0.035,0.1,0.001,0.02,0.215,69.76,433.2,0.11,0.04,108.0,1145.0,0.0,2.224,Cemar Ringan,-5.02585,97.24056388888889
11,Aceh,11.17,Kabupaten Bener Meriah,2020,Krueng Keureuto,I,Titik II - Jembatan Besi Desa Parang Sikareung Kec. Matang Kuli,"05o 02’08,01”","097o 16’01,06”",7.31,28.0,275.7,0.09,5.47,153.0,26.0,2.41,8.75,5.03,0.036,0.1,0.001,0.019,0.2158,78.34,440.8,0.09,0.02,312.0,1467.0,0.0,2.065,Cemar Ringan,-5.035558333333333,97.26696111111112
11,Aceh,11.17,Kabupaten Bener Meriah,2020,Krueng Keureuto,I,Titik III - Jembatan Besi Gp. Keude Lhoksukon Kec. Lhoksukon,"05o 02’29,05”","097o 19’09,06” ",7.4,27.1,305.0,0.11,5.63,181.0,35.0,2.99,6.25,4.62,0.04,0.1,0.001,0.019,0.1613,61.18,439.6,0.13,0.05,300.0,1198.0,0.0,2.397,Cemar Ringan,-5.041402777777778,97.31918333333333
11,Aceh,11.17,Kabupaten Bener Meriah,2020,Krueng Keureuto,I,Titik IV - Desa Meunasah Asan Kec. Lhoksukon,"05o 03’01,03”","0970 19’02,05”",7.71,26.8,315.0,0.14,5.9,191.0,51.0,3.11,3.75,5.24,0.039,0.1,0.001,0.018,0.162,69.76,445.2,0.13,0.02,414.0,1918.0,0.0,2.042,Cemar Ringan,-5.050286111111111,970.3172361111111
11,Aceh,11.17,Kabupaten Bener Meriah,2020,Krueng Keureuto,I,Titik V - Jembatan Gantung Gp. Trieng Pantang Kec. Lhoksukon,"05o 05’58,07”","097o 17’43,03”",7.45,27.3,291.0,0.17,5.68,189.0,42.0,3.28,13.75,5.06,0.041,0.1,0.001,0.019,0.1917,26.85,458.8,0.11,0.04,110.0,959.0,0.0,2.23,Cemar Ringan,-5.099463888888889,97.29528611111111
11,Aceh,11.17,Kabupaten Bener Meriah,2020,Krueng Keureuto,II,Titik I - Gampong Teungoh Seuleumak Kec. Matang Kuli,"05o 01’33,06”","097o 14’26,03”",7.64,28.2,251.2,0.23,5.06,126.8,33.0,2.17,40.42,3.63,0.03,1.0,0.01,0.0154,0.3112,25.0,407.2,0.092,0.01,290.0,2489.0,0.0,2.224,Cemar Ringan,-5.02585,97.24056388888889
11,Aceh,11.17,Kabupaten Bener Meriah,2020,Krueng Keureuto,II,Titik II - Jembatan Besi Desa Parang Sikareung Kec. Matang Kuli,"05o 02’06,90”","097o 16’01,90”",7.53,27.7,246.7,0.23,4.94,124.6,35.0,2.25,35.93,5.73,0.037,1.0,0.01,0.0172,0.1771,9.68,413.2,0.084,0.01,449.0,2400.0,0.0,2.065,Cemar Ringan,-5.03525,97.26719444444444
11,Aceh,11.17,Kabupaten Bener Meriah,2020,Krueng Keureuto,II,Titik III - Jembatan Besi Gp. Keude Lhoksukon Kec. Lhoksukon,"05o 02’29,10”","097o 19’09,59” ",7.41,27.3,248.2,0.23,4.41,125.2,46.0,2.06,61.59,5.36,0.03,1.0,0.01,0.0192,0.2024,52.6,406.8,0.085,0.02,471.0,2254.0,0.0,2.397,Cemar Ringan,-5.041416666666667,97.31933055555555
11,Aceh,11.17,Kabupaten Bener Meriah,2020,Krueng Keureuto,II,Titik IV - Desa Meunasah Asan Kec. Lhoksukon,"05o 03’01,03”","0970 19’02,05”",7.48,27.5,246.5,0.23,5.42,124.4,54.0,2.02,38.49,5.32,0.03,1.0,0.01,0.0166,0.209,26.85,415.6,0.099,0.02,275.0,2595.0,0.0,2.042,Cemar Ringan,-5.050286111111111,970.3172361111111
11,Aceh,11.17,Kabupaten Bener Meriah,2020,Krueng Keureuto,II,Titik V - Jembatan Gantung Gp. Trieng Pantang Kec. Lhoksukon,"05o 05’58,30”","097o 17’40,60”",7.71,26.9,311.0,0.29,4.2,156.6,47.0,2.13,46.19,5.38,0.03,1.0,0.01,0.0207,0.2037,35.43,410.5,0.123,0.01,399.0,2700.0,0.0,2.23,Cemar Ringan,-5.099527777777777,97.29461111111111
11,Aceh,11.71,Kota Banda Aceh,2020,Krueng Jambo Ayee,I,"Titik I - Gp. Tanjung Jawa Kec. Langkahan, Aceh Utara","04o 00’ 35,37”","097o 30’ 16,78”",7.62,27.3,152.8,0.08,5.35,78.6,22.0,2.34,30.22,5.18,0.03,1.0,0.001,0.0157,0.16,172.75,415.6,0.22,0.01,181.0,1423.0,0.0,2.158,Cemar Ringan,-4.009825,97.5046611111111
11,Aceh,11.71,Kota Banda Aceh,2020,Krueng Jambo Ayee,I,"Titik II - Gp. Matang Rubek Kec. Langkahan, Aceh Utara","05o 02’ 08,41”","097o 30’ 43,35”",7.29,26.9,162.9,0.12,5.09,82.0,26.0,2.06,98.17,5.5,0.03,1.0,0.001,0.0137,0.12,112.67,422.4,0.15,0.01,414.0,2064.0,0.0,3.046,Cemar Ringan,-5.035669444444444,97.51204166666666
11,Aceh,11.71,Kota Banda Aceh,2020,Krueng Jambo Ayee,I,"Titik III - Jembatan Teupin Batei Desa Meunasah Tunong Kec. Pante Bidari, Aceh Timur","05o 03’ 24,05”","097o 31’ 07,08” ",6.98,29.8,164.6,0.14,5.65,82.7,25.0,3.69,37.21,5.61,0.032,1.0,0.001,0.0134,0.13,138.42,435.2,0.11,0.02,312.0,1112.0,0.0,2.311,Cemar Ringan,-5.056680555555555,97.51863333333333
11,Aceh,11.71,Kota Banda Aceh,2020,Krueng Jambo Ayee,I,"Titik IV - Jembatan Arakundo Desa Blang Gleum Kec. Julok, Aceh Timur","05o 04’ 05,19”","0970 34’19,81”",6.9,29.0,160.6,0.14,5.68,80.8,23.0,2.2,29.51,5.53,0.03,1.0,0.001,0.0201,0.19,164.17,430.4,0.27,0.04,616.0,2400.0,0.0,2.241,Cemar Ringan,-5.068108333333333,970.5721694444445
11,Aceh,11.71,Kota Banda Aceh,2020,Krueng Jambo Ayee,I,Titik V - Depan Kantor Geuchik Desa Teupin Breuh Kec. Simpang Ulim Kab. Aceh Timur,"05o 04’ 53,03”","097o 35’ 39,09”",6.98,29.5,161.4,0.22,4.53,81.3,27.0,2.8,12.83,5.56,0.03,1.0,0.001,0.0192,0.16,198.5,429.6,0.3,0.02,836.0,1459.0,0.0,2.031,Cemar Ringan,-5.081397222222222,97.59419166666666
11,Aceh,11.71,Kota Banda Aceh,2020,Krueng Jambo Ayee,II,"Titik I - Gp. Tanjung Jawa Kec. Langkahan, Aceh Utara","04o 00’ 35,37”","097o 30’ 16,78”",7.08,26.3,85.2,0.08,5.12,42.87,24.0,2.25,46.84,3.48,0.03,1.0,0.01,0.0108,0.17,25.0,403.6,0.15,0.05,179.0,1012.0,0.0,2.158,Cemar Ringan,-4.009825,97.5046611111111
11,Aceh,11.71,Kota Banda Aceh,2020,Krueng Jambo Ayee,II,"Titik II - Gp. Matang Rubek Kec. Langkahan, Aceh Utara","05o 02’ 08,41”","097o 30’ 43,35”",7.24,25.2,115.7,0.1,4.97,58.34,26.0,2.0,61.59,3.46,0.03,1.0,0.01,0.0143,0.17,25.0,405.6,0.14,0.03,303.0,1274.0,0.0,3.046,Cemar Ringan,-5.035669444444444,97.51204166666666
11,Aceh,11.71,Kota Banda Aceh,2020,Krueng Jambo Ayee,II,"Titik III - Jembatan Teupin Batei Desa Meunasah Tunong Kec. Pante Bidari, Aceh Timur","05o 03’ 24,05”","097o 31’ 07,08” ",7.25,25.7,119.8,0.11,5.14,60.23,37.0,2.05,24.38,4.16,0.03,1.0,0.01,0.0201,0.16,35.43,408.0,0.13,0.02,259.0,2282.0,0.0,2.311,Cemar Ringan,-5.056680555555555,97.51863333333333
11,Aceh,11.71,Kota Banda Aceh,2020,Krueng Jambo Ayee,II,"Titik IV - Jembatan Arakundo Desa Blang Gleum Kec. Julok, Aceh Timur","05o 04’ 05,19”","0970 34’19,81”",8.66,24.0,119.5,0.11,4.07,60.06,29.0,2.35,21.82,3.96,0.03,1.0,0.01,0.0186,0.16,25.0,410.4,0.16,0.01,221.0,1396.0,0.0,2.241,Cemar Ringan,-5.068108333333333,970.5721694444445
11,Aceh,11.71,Kota Banda Aceh,2020,Krueng Jambo Ayee,II,Titik V - Depan Kantor Geuchik Desa Teupin Breuh Kec. Simpang Ulim Kab. Aceh Timur,"05o 04’ 53,03”","097o 35’ 39,09”",7.83,25.4,119.3,0.11,4.83,60.05,56.0,2.4,15.39,3.66,0.03,1.0,0.01,0.0163,0.12,25.0,411.2,0.17,0.02,272.0,985.0,0.0,2.031,Cemar Ringan,-5.081397222222222,97.59419166666666
11,Aceh,11.03,Kabupaten Aceh Timur,2020,Krueng Peureulak,I,Titik I - Jembatan Besi Tua Asamera Desa Kliet Kec. Ranto Peureulak,"04o 45’29,68”","097o 48’00,34”",8.01,28.0,290.6,0.03,6.11,146.0,22.0,2.16,34.65,3.08,0.03,1.0,0.001,0.014,0.18,112.67,430.4,0.112,0.01,95.0,1483.0,0.0,2.247,Cemar Ringan,-4.758244444444444,97.80009444444444
11,Aceh,11.03,Kabupaten Aceh Timur,2020,Krueng Peureulak,I,Titik II - Dekat Perumahan Masyarakat Desa Teumpeun Kec. Peureulak Barat,"04o 49’24,3”","097o 51’01,0”",7.51,28.2,291.7,0.04,5.78,146.2,24.0,2.13,38.49,3.14,0.03,1.0,0.001,0.0105,0.14,86.93,421.2,0.034,0.01,482.0,2254.0,0.0,2.327,Cemar Ringan,-4.823416666666667,97.85027777777778
11,Aceh,11.03,Kabupaten Aceh Timur,2020,Krueng Peureulak,I,Titik III - Jembatan Besi Pasar Peureulak Desa Tanjong Tualang Kec. Peureulak Barat,"04o 48’40,9”","097o 53’27,3” ",7.39,27.8,290.3,0.04,6.5,145.5,21.0,3.66,92.39,3.28,0.03,1.0,0.001,0.0216,0.19,129.84,444.4,0.013,0.03,614.0,1904.0,0.0,3.002,Cemar Ringan,-4.811361111111111,97.89091666666667
11,Aceh,11.03,Kabupaten Aceh Timur,2020,Krueng Peureulak,I,Titik IV - Jembatan Rangka Baja Desa Beusa Merano Kec. Peureulak,"04o 50’04,36”","0970 53’19,86”",7.36,28.1,286.1,0.05,6.01,143.7,20.0,2.09,53.89,3.29,0.03,1.0,0.001,0.0207,0.31,155.59,417.2,0.136,0.03,400.0,2012.0,0.0,2.608,Cemar Ringan,-4.834544444444444,970.88885
11,Aceh,11.03,Kabupaten Aceh Timur,2020,Krueng Peureulak,I,Titik V - Dekat Pompa Air Desa Matang Aron Kec. Peureulak,"05o 51’02,6”","097o 53’57,2”",7.17,28.2,293.5,0.02,6.23,146.5,26.0,2.77,3.85,4.11,0.03,1.0,0.001,0.0143,0.19,138.42,434.0,0.063,0.02,1203.0,159.0,0.0,2.172,Cemar Ringan,-5.850722222222222,97.89922222222224
11,Aceh,11.03,Kabupaten Aceh Timur,2020,Krueng Peureulak,II,Titik I - Jembatan Besi Tua Asamera Desa Kliet Kec. Ranto Peureulak,"04o 45’29,68”","097o 48’00,34”",7.77,26.5,189.2,0.17,4.15,95.0,26.0,2.05,18.61,3.85,0.03,1.0,0.01,0.0137,0.17,25.0,407.2,0.11,0.02,419.0,1430.0,0.0,2.247,Cemar Ringan,-4.758244444444444,97.80009444444444
11,Aceh,11.03,Kabupaten Aceh Timur,2020,Krueng Peureulak,II,Titik II - Dekat Perumahan Masyarakat Desa Teumpeun Kec. Peureulak Barat,"04o 49’24,3”","097o 51’01,0”",7.52,27.4,187.1,0.17,6.12,96.3,30.0,2.56,23.09,3.56,0.03,1.0,0.01,0.0178,0.16,25.0,409.6,0.09,0.03,869.0,2310.0,0.0,2.327,Cemar Ringan,-4.823416666666667,97.85027777777778
11,Aceh,11.03,Kabupaten Aceh Timur,2020,Krueng Peureulak,II,Titik III - Jembatan Besi Pasar Peureulak Desa Tanjong Tualang Kec. Peureulak Barat,"04o 48’40,9”","097o 53’27,3” ",7.5,27.7,182.1,0.16,4.46,91.1,31.0,2.37,14.11,4.37,0.03,1.0,0.01,0.0181,0.17,35.43,410.4,0.12,0.01,697.0,1169.0,0.0,3.002,Cemar Ringan,-4.811361111111111,97.89091666666667
11,Aceh,11.03,Kabupaten Aceh Timur,2020,Krueng Peureulak,II,Titik IV - Jembatan Rangka Baja Desa Beusa Merano Kec. Peureulak,"04o 50’04,36”","0970 53’19,86”",7.36,27.2,182.1,0.16,4.38,91.1,51.0,2.44,21.82,3.78,0.03,2.0,0.01,0.0198,0.18,25.0,408.8,0.13,0.04,780.0,2247.0,0.0,2.608,Cemar Ringan,-4.834544444444444,970.88885
11,Aceh,11.03,Kabupaten Aceh Timur,2020,Krueng Peureulak,II,Titik V - Dekat Pompa Air Desa Matang Aron Kec. Peureulak,"05o 51’02,6”","097o 53’57,2”",7.22,28.5,204.0,0.18,4.18,102.0,49.0,2.29,79.56,3.85,0.03,1.0,0.01,0.0204,0.12,410.8,410.8,0.13,0.02,551.0,1034.0,0.0,2.172,Cemar Ringan,-5.850722222222222,97.89922222222224
11,Aceh,11.14,Kabupaten Aceh Jaya,2020,Krueng Sabee,I,Titik I - Desa Panggong Kec. Krueng Sabee,"04o 41’ 17,1”","095o 41’ 09,5”",6.33,30.9,91.46,0.05,5.91,46.03,26.0,2.87,25.0,2.93,0.03,0.1,0.02,0.019,0.19,78.34,443.6,0.1,0.01,2400.0,2436.0,0.00019,3.132,Cemar Ringan,-4.688083333333333,95.68597222222223
11,Aceh,11.14,Kabupaten Aceh Jaya,2020,Krueng Sabee,I,Titik II - Jembatan Gantung Desa Buntha Kec. Krueng Sabee,"04o 39’ 50,0”","095o 40’ 17,1”",6.46,31.3,95.56,0.06,5.83,47.95,22.0,2.9,13.75,2.74,0.03,0.1,0.02,0.016,0.2,86.93,469.2,0.09,0.02,770.0,2445.0,0.00019,3.238,Cemar Ringan,-4.66388888888889,95.67141666666667
11,Aceh,11.14,Kabupaten Aceh Jaya,2020,Krueng Sabee,I,Titik III - Intake PDAM Desa Ranto Panyang Kec. Krueng Sabee,"04o 37' 39,4”","095o 39’ 20,4” ",6.56,31.6,91.85,0.05,5.41,46.23,42.0,2.05,26.25,2.97,0.03,0.1,0.02,0.2,0.13,95.51,434.8,0.18,0.06,770.0,2436.0,0.00019,3.189,Cemar Ringan,-4.627611111111111,95.65566666666668
11,Aceh,11.14,Kabupaten Aceh Jaya,2020,Krueng Sabee,I,Titik IV - Dekat Panglong Kayu Desa Datar Luas Kec. Krueng Sabee,"04o 36’ 40,2”","0950 38’ 50,9”",6.47,33.1,94.8,0.06,5.73,47.71,52.0,2.87,26.25,2.76,0.03,0.1,0.02,0.017,0.87,104.09,442.8,0.07,0.04,2071.0,2458.0,0.00019,3.127,Cemar Ringan,-4.611166666666667,950.6474722222222
11,Aceh,11.14,Kabupaten Aceh Jaya,2020,Krueng Sabee,I,Titik V - Desa Keude Krueng Sabee Kec. Krueng Sabee,"04o 36’ 13,4”","095o 38’ 32,5”",6.81,32.0,95.99,0.06,6.21,48.31,42.0,2.4,35.0,2.72,0.03,0.1,0.02,0.02,0.14,95.51,456.4,0.15,0.02,2140.0,2402.0,0.00019,3.232,Cemar Ringan,-4.603722222222222,95.64236111111111
11,Aceh,11.14,Kabupaten Aceh Jaya,2020,Krueng Sabee,II,Titik I - Desa Panggong Kec. Krueng Sabee,"04o 41’ 17,1”","095o 41’ 09,5”",7.55,26.0,84.88,0.05,6.75,42.72,33.0,3.06,13.99,5.61,0.03,1.0,0.001,0.0137,0.44,25.0,414.8,0.21,0.02,1018.0,2053.0,0.00019,3.132,Cemar Ringan,-4.688083333333333,95.68597222222223
11,Aceh,11.14,Kabupaten Aceh Jaya,2020,Krueng Sabee,II,Titik II - Jembatan Gantung Desa Buntha Kec. Krueng Sabee,"04o 39’ 50,0”","095o 40’ 17,1”",7.31,27.4,95.7,0.04,5.07,48.27,34.0,2.21,21.82,5.5,0.03,1.0,0.001,0.0154,0.51,44.01,418.4,0.17,0.01,808.0,2141.0,0.00019,3.238,Cemar Ringan,-4.66388888888889,95.67141666666667
11,Aceh,11.14,Kabupaten Aceh Jaya,2020,Krueng Sabee,II,Titik III - Intake PDAM Desa Ranto Panyang Kec. Krueng Sabee,"04o 37' 39,4”","095o 39’ 20,4” ",7.23,29.6,85.71,0.05,4.49,43.77,37.0,2.13,23.09,5.65,0.03,1.0,0.001,0.0183,0.46,69.76,423.2,0.23,0.02,867.0,2235.0,0.00031,3.189,Cemar Ringan,-4.627611111111111,95.65566666666668
11,Aceh,11.14,Kabupaten Aceh Jaya,2020,Krueng Sabee,II,Titik IV - Dekat Panglong Kayu Desa Datar Luas Kec. Krueng Sabee,"04o 36’ 40,2”","0950 38’ 50,9”",7.1,28.3,85.57,0.05,4.76,43.22,53.0,2.09,28.23,5.92,0.03,1.0,0.001,0.0204,0.42,61.18,426.8,0.17,0.01,1222.0,2427.0,0.00044,3.127,Cemar Ringan,-4.611166666666667,950.6474722222222
11,Aceh,11.14,Kabupaten Aceh Jaya,2020,Krueng Sabee,II,Titik V - Desa Keude Krueng Sabee Kec. Krueng Sabee,"04o 36’ 13,4”","095o 38’ 32,5”",7.11,27.7,84.82,0.04,4.72,42.94,48.0,2.35,32.08,5.73,0.03,1.0,0.001,0.0192,0.49,78.34,421.6,0.19,0.03,1259.0,2589.0,0.0005,3.232,Cemar Ringan,-4.603722222222222,95.64236111111111
11,Aceh,11.14,Kabupaten Aceh Jaya,2020,Krueng Teunom,I,Titik I - Jembatan Gantung Desa Alue Jong Kec. Pasie Raya,"04o 35’12,85”","095o 55’26,28”",6.97,27.1,174.0,0.06,6.41,88.65,21.0,2.9,13.47,3.66,0.03,1.0,0.001,0.0128,0.24,147.0,418.8,0.13,0.01,226.0,1636.0,0.00019,2.145,Cemar Ringan,-4.5869027777777776,95.92396666666667
11,Aceh,11.14,Kabupaten Aceh Jaya,2020,Krueng Teunom,I,Titik II - Desa Turi Peuraya Kec. Pasie Raya,"04o 31’20,31”","095o 54’03,65”",6.97,28.9,151.8,0.07,6.8,70.36,30.0,2.44,29.53,3.9,0.03,1.0,0.001,0.0137,0.22,86.93,422.8,0.15,0.01,391.0,1957.0,0.00019,2.136,Cemar Ringan,-4.522308333333333,95.9010138888889
11,Aceh,11.14,Kabupaten Aceh Jaya,2020,Krueng Teunom,I,Titik III - Desa Timpleung Kec. Pasie Raya,"04o 28’37,35”","095o 52’13,77” ",6.98,28.9,148.1,0.07,6.11,69.2,43.0,2.13,6.42,3.9,0.03,1.0,0.001,0.0201,0.24,78.34,417.6,0.1,0.03,576.0,2515.0,0.00019,2.155,Cemar Ringan,-4.477041666666667,95.87049166666667
11,Aceh,11.14,Kabupaten Aceh Jaya,2020,Krueng Teunom,I,Titik IV - Jembatan Besi Desa Paya Baro Kec. Teunom,"04o 26’08,05”","0950 49’38,01”",6.97,27.7,146.7,0.08,6.31,69.54,52.0,2.63,0.14,3.84,0.03,1.0,0.001,0.0207,0.27,69.76,426.8,29.51,0.02,882.0,2392.0,0.00019,2.237,Cemar Ringan,-4.435569444444445,950.827225
11,Aceh,11.14,Kabupaten Aceh Jaya,2020,Krueng Teunom,I,Titik V - Desa Alue Ambang Kec. Teunom,"04o 26’45,06”","095o 48’30,07”",6.97,29.5,427.0,0.21,5.41,207.2,46.0,2.01,62.87,4.05,0.03,1.0,0.001,0.0186,0.24,35.43,440.8,0.22,0.02,1090.0,2445.0,0.00019,2.722,Cemar Ringan,-4.44585,95.80835277777777
11,Aceh,11.14,Kabupaten Aceh Jaya,2020,Krueng Teunom,II,Titik I - Jembatan Gantung Desa Alue Jong Kec. Pasie Raya,"04o 35’12,85”","095o 55’26,28”",7.41,24.9,125.5,0.11,5.04,56.61,24.0,2.25,59.67,3.44,0.03,1.0,0.01,0.015,0.2163,104.09,410.4,0.084,0.03,283.0,2011.0,0.00019,2.145,Cemar Ringan,-4.5869027777777776,95.92396666666667
11,Aceh,11.14,Kabupaten Aceh Jaya,2020,Krueng Teunom,II,Titik II - Desa Turi Peuraya Kec. Pasie Raya,"04o 31’20,31”","095o 54’03,65”",7.28,25.7,135.3,0.11,4.98,60.15,31.0,2.0,53.89,1.82,0.03,1.0,0.01,0.017,0.2302,69.76,412.8,0.136,0.02,338.0,2318.0,0.00019,2.136,Cemar Ringan,-4.522308333333333,95.9010138888889
11,Aceh,11.14,Kabupaten Aceh Jaya,2020,Krueng Teunom,II,Titik III - Desa Timpleung Kec. Pasie Raya,"04o 28’37,35”","095o 52’13,77” ",7.43,25.1,148.5,0.12,4.82,60.01,44.0,2.05,32.08,3.54,0.03,1.0,0.01,0.01,0.2387,86.93,411.6,0.117,0.05,467.0,2504.0,0.00019,2.155,Cemar Ringan,-4.477041666666667,95.87049166666667
11,Aceh,11.14,Kabupaten Aceh Jaya,2020,Krueng Teunom,II,Titik IV - Jembatan Besi Desa Paya Baro Kec. Teunom,"04o 26’08,05”","0950 49’38,01”",7.0,24.3,231.0,0.1,4.98,57.51,53.0,2.35,17.97,2.74,0.03,1.0,0.01,0.019,0.1815,128.84,417.2,0.171,0.02,808.0,2504.0,0.00019,2.237,Cemar Ringan,-4.435569444444445,950.827225
11,Aceh,11.14,Kabupaten Aceh Jaya,2020,Krueng Teunom,II,Titik V - Desa Alue Ambang Kec. Teunom,"04o 26’45,06”","095o 48’30,07”",6.91,24.4,161.8,0.19,2.97,105.5,47.0,2.4,41.06,5.47,0.03,1.0,0.01,0.007,0.2579,112.67,420.0,0.105,0.03,957.0,2667.0,0.00019,2.722,Cemar Ringan,-4.44585,95.80835277777777
11,Aceh,11.05,Kabupaten Aceh Barat,2020,Krueng Woyla,I,Titik I - Belakang Pasantren Arraudhatul Awwaliah Desa Drin Mangko Kec. Woyla,"04o 24’ 30,3”","096o 03’ 22,1”",7.1,29.4,148.4,0.02,5.78,74.82,23.0,2.2,22.5,1.84,0.03,0.1,0.02,0.019,0.04,95.51,438.8,0.09,0.02,648.0,2427.0,0.0,3.767,Cemar Ringan,-4.408416666666667,96.05613888888888
11,Aceh,11.05,Kabupaten Aceh Barat,2020,Krueng Woyla,I,Titik II - Jembatan Kuala Bhee Desa Kuala Bhee Kec. Woyla,"04o 23’ 19,8”","096o 02’ 43,0”",6.8,29.3,142.7,0.03,5.86,72.08,25.0,2.31,12.5,2.54,0.03,0.1,0.02,0.02,0.16,129.84,448.4,0.08,0.02,231.0,2419.0,0.0,3.759,Cemar Ringan,-4.388833333333333,96.04527777777777
11,Aceh,11.05,Kabupaten Aceh Barat,5,Krueng Woyla,I,Titik III - Jembatan Rangka Baja Desa Ranto Panyang Kec. Woyla Barat,"04o 20' 42,9”","096o 01’ 30,3” ",6.83,29.1,142.1,0.03,5.65,71.51,26.0,3.41,8.75,2.17,0.03,0.1,0.02,0.016,0.18,215.66,443.2,0.14,0.01,179.0,2436.0,0.0,5.373,Cemar Sedang,-4.34525,96.02508333333333
11,Aceh,11.05,Kabupaten Aceh Barat,2020,Krueng Woyla,I,Titik IV - Jembatan Gantung Desa Lhok Male Kec. Woyla Barat,"04o 19’ 48,0”","0960 59’ 45,4”",6.17,28.9,140.7,0.04,5.4,70.79,24.0,3.27,5.0,1.95,0.03,0.1,0.02,0.02,0.15,86.93,424.0,0.12,0.04,285.0,2428.0,0.0,3.758,Cemar Ringan,-4.33,960.9959444444445
11,Aceh,11.05,Kabupaten Aceh Barat,2020,Krueng Woyla,I,Titik V - Jembatan Arongan Lambalek Desa Peuribu Kec. Arongan Lambalek,"04o 17’ 30,2”","096o 58’ 45,7”",7.65,29.0,148.6,0.1,5.9,76.62,28.0,2.67,5.0,2.44,0.04,0.1,0.02,0.018,0.17,61.18,431.2,0.09,0.03,275.0,2427.0,0.0,3.759,Cemar Ringan,-4.291722222222222,96.97936111111112
11,Aceh,11.05,Kabupaten Aceh Barat,2020,Krueng Woyla,II,Titik I - Belakang Pasantren Arraudhatul Awwaliah Desa Drin Mangko Kec. Woyla,"04o 24’ 30,3”","096o 03’ 22,1”",7.34,26.1,106.1,0.099,5.31,53.39,24.0,2.25,75.07,4834.0,0.04,1.0,0.01,0.0113,0.26,9.63,408.8,0.135,0.03,663.0,2310.0,0.0,3.767,Cemar Ringan,-4.408416666666667,96.05613888888888
11,Aceh,11.05,Kabupaten Aceh Barat,2020,Krueng Woyla,II,Titik II - Jembatan Kuala Bhee Desa Kuala Bhee Kec. Woyla,"04o 23’ 19,8”","096o 02’ 43,0”",7.32,25.9,103.4,0.098,5.31,52.14,33.0,2.36,34.65,4217.0,0.04,1.0,0.01,0.0096,0.29,18.27,407.2,0.114,0.02,259.0,2495.0,0.0,3.759,Cemar Ringan,-4.388833333333333,96.04527777777777
11,Aceh,11.05,Kabupaten Aceh Barat,2020,Krueng Woyla,II,Titik III - Jembatan Rangka Baja Desa Ranto Panyang Kec. Woyla Barat,"04o 20' 42,9”","096o 01’ 30,3” ",7.49,26.7,103.0,0.098,5.09,51.74,39.0,2.4,15.39,4.57,2.4,1.0,0.01,0.098,0.27,9.68,416.8,0.084,0.02,179.0,2427.0,0.0,5.373,Cemar Sedang,-4.34525,96.02508333333333
11,Aceh,11.05,Kabupaten Aceh Barat,2020,Krueng Woyla,II,Titik IV - Jembatan Gantung Desa Lhok Male Kec. Woyla Barat,"04o 19’ 48,0”","0960 59’ 45,4”",7.54,26.9,108.1,0.102,5.43,54.49,35.0,2.33,16.68,4425.0,0.05,1.0,0.01,0.007,0.25,44.01,410.8,0.113,0.01,388.0,2584.0,0.0,3.758,Cemar Ringan,-4.33,960.9959444444445
11,Aceh,11.05,Kabupaten Aceh Barat,2020,Krueng Woyla,II,Titik V - Jembatan Arongan Lambalek Desa Peuribu Kec. Arongan Lambalek,"04o 17’ 30,2”","096o 58’ 45,7”",7.2,26.9,113.7,0.108,5.32,57.49,52.0,2.48,32.08,3656.0,0.04,1.0,0.01,0.0163,0.25,26.85,417.2,0.201,0.01,408.0,2198.0,0.0,3.759,Cemar Ringan,-4.291722222222222,96.97936111111112
11,Aceh,11.05,Kabupaten Aceh Barat,2020,Krueng Meureubo,I,Titik I - Jembatan Gantung Desa Ketambang Kec. Pante Ceureumen,"04o 26’ 32,7”","096o 18’ 25,3”",6.95,26.8,170.4,0.157,6.69,159.1,23.0,2.38,3.2234,3.97,0.03,1.0,0.001,0.0192,0.32,9.68,423.6,0.116,0.03,168.0,1780.0,0.0,2.73,Cemar Ringan,-4.442416666666667,96.30702777777778
11,Aceh,11.05,Kabupaten Aceh Barat,2020,Krueng Meureubo,I,Titik II - Jembatan Rangka Baja Desa Sawang Teubee Kec. Kaway XVI,"04o 18’ 58,9”","096o 12’ 09,3”",6.96,28.6,101.8,0.093,5.38,94.8,25.0,2.08,7.69,3.85,0.03,1.0,0.001,0.0166,0.2,86.93,443.6,0.096,0.01,284.0,1904.0,0.0,2.239,Cemar Ringan,-4.316361111111111,96.20258333333334
11,Aceh,11.05,Kabupaten Aceh Barat,2020,Krueng Meureubo,I,Titik III - Intake PDAM Desa Gunong Beurghang Kec. Kaway XVI,"04o 14' 14,2”","096o 10’ 44,5” ",7.0,27.4,74.73,0.069,4.78,69.15,38.0,2.01,24.38,3.99,0.03,1.0,0.001,0.0163,0.23,78.34,422.4,0.125,0.04,563.0,2035.0,0.0,2.462,Cemar Ringan,-4.237277777777778,96.17902777777778
11,Aceh,11.05,Kabupaten Aceh Barat,2020,Krueng Meureubo,I,Titik IV - Dekat Tanggul Desa Pasie Aceh Tunong Kec. Meureubo,"04o 11’ 21,8”","0960 09’ 53,4”",6.89,27.4,65.56,0.065,5.2,60.83,28.0,2.3,3.2234,4.13,0.03,1.0,0.001,0.023,0.23,112.67,442.8,0.117,0.02,620.0,2400.0,0.0,2.341,Cemar Ringan,-4.189388888888889,960.1648333333333
11,Aceh,11.05,Kabupaten Aceh Barat,2020,Krueng Meureubo,I,Titik V - Jembatan Besi Desa Pasie Pinang Kec. Meureubo,"04o 09’ 15,4”","096o 08’ 29,4”",6.94,26.6,71.07,0.067,4.82,66.04,53.0,2.45,20.53,3.97,0.03,1.0,0.001,0.0251,0.27,121.26,462.8,0.115,0.02,437.0,2700.0,0.0,2.389,Cemar Ringan,-4.154277777777778,96.14150000000001
11,Aceh,11.05,Kabupaten Aceh Barat,2020,Krueng Meureubo,II,Titik I - Jembatan Gantung Desa Ketambang Kec. Pante Ceureumen,"04o 26’ 32,7”","096o 18’ 25,3”",8.17,25.7,157.3,0.147,5.47,7953.0,9.0,2.33,57.1,4.65,0.03,1.0,0.01,0.0169,0.07,26.58,410.8,0.08,0.02,218.0,1904.0,0.0,2.73,Cemar Ringan,-4.442416666666667,96.30702777777778
11,Aceh,11.05,Kabupaten Aceh Barat,2020,Krueng Meureubo,II,Titik II - Jembatan Rangka Baja Desa Sawang Teubee Kec. Kaway XVI,"04o 18’ 58,9”","096o 12’ 09,3”",7.67,27.2,130.5,0.124,5.47,6605.0,34.0,2.44,14.12,4.8,0.03,1.0,0.01,0.0216,0.15,52.6,409.2,0.08,0.02,426.0,1118.0,0.0,2.239,Cemar Ringan,-4.316361111111111,96.20258333333334
11,Aceh,11.05,Kabupaten Aceh Barat,2020,Krueng Meureubo,II,Titik III - Intake PDAM Desa Gunong Beurghang Kec. Kaway XVI,"04o 14' 14,2”","096o 10’ 44,5” ",7.58,28.0,131.8,0.122,5.38,6610.0,15.0,2.48,20.53,4.52,0.03,1.0,0.01,0.0157,0.07,26.85,411.6,0.13,0.03,327.0,1203.0,0.0,2.462,Cemar Ringan,-4.237277777777778,96.17902777777778
11,Aceh,11.05,Kabupaten Aceh Barat,2020,Krueng Meureubo,II,Titik IV - Dekat Tanggul Desa Pasie Aceh Tunong Kec. Meureubo,"04o 11’ 21,8”","0960 09’ 53,4”",7.5,28.0,126.7,0.118,5.17,6440.0,50.0,2.36,33.36,5.03,0.03,1.0,0.01,0.0186,0.1,44.1,415.6,0.11,0.01,569.0,1552.0,0.0,2.341,Cemar Ringan,-4.189388888888889,960.1648333333333
11,Aceh,11.05,Kabupaten Aceh Barat,2020,Krueng Meureubo,II,Titik V - Jembatan Besi Desa Pasie Pinang Kec. Meureubo,"04o 09’ 15,4”","096o 08’ 29,4”",7.45,28.2,111.3,0.105,4.96,5634.0,55.0,4.96,89.83,4.94,0.03,1.0,0.01,0.0192,0.29,69.76,417.2,0.07,0.01,454.0,1892.0,0.0,2.389,Cemar Ringan,-4.154277777777778,96.14150000000001
11,Aceh,11.71,Kota Banda Aceh,2020,Krueng Tripa,I,Titik I - Desa Gunung Cut Kec. Darul Makmur,"04o 00’ 24,8”","096o 31’ 30,7”",8.12,25.1,155.1,0.07,6.26,78.06,25.0,2.94,21.25,2.97,0.03,0.1,0.02,0.015,0.19,61.18,430.8,0.03,0.01,162.0,2400.0,0.0,2.75,Cemar Ringan,-4.006888888888889,96.52519444444444
11,Aceh,11.71,Kota Banda Aceh,2020,Krueng Tripa,I,Titik II - Jembatan Besi Desa Lamie Kec. Darul Makmur,"03o 59’ 30,7”","096o 29’ 20,4”",7.49,25.4,153.6,0.07,5.5,77.28,26.0,2.48,15.0,3.09,0.03,0.1,0.02,0.011,0.21,69.76,437.2,0.05,0.01,436.0,2411.0,0.0,2.552,Cemar Ringan,-3.991861111111111,96.489
11,Aceh,11.71,Kota Banda Aceh,2020,Krueng Tripa,I,Titik III - Desa Mon Dua Kec. Tripa,"03o 58' 10,1”","096o 27’ 19,3” ",7.48,25.9,154.0,0.08,5.06,77.39,41.0,2.4,25.0,3.3,0.03,0.1,0.02,0.011,0.1,86.93,446.4,0.07,0.04,156.0,2402.0,0.0,2.971,Cemar Ringan,-3.9694722222222225,96.45536111111112
11,Aceh,11.71,Kota Banda Aceh,2020,Krueng Tripa,I,Titik IV - Desa Neubok Yee Kec. Tripa,"03o 57’ 03,1”","096o 25’ 50,7”",7.19,27.3,180.6,0.08,5.99,91.09,51.0,2.79,26.25,3.31,0.03,0.1,0.02,0.013,0.2,91.22,441.6,0.11,0.02,138.0,2427.0,0.0,2.615,Cemar Ringan,-3.950861111111111,96.43075
11,Aceh,11.71,Kota Banda Aceh,2020,Krueng Tripa,I,Titik V - Desa Drien Tujuh Kec. Tripa,"03o 54’ 19,0”","096o 24’ 31,4”",7.13,27.9,155.5,0.09,5.56,78.28,43.0,2.83,12.5,2.93,0.03,0.1,0.02,0.018,0.2,95.51,457.6,0.11,0.03,142.0,2436.0,0.0,2.678,Cemar Ringan,-3.9052777777777776,96.40872222222222
11,Aceh,11.71,Kota Banda Aceh,2020,Krueng Tripa,II,Titik I - Desa Gunung Cut Kec. Darul Makmur,"04o 00’ 24,8”","096o 31’ 30,7”",7.61,26.1,141.6,0.07,5.1,71.41,26.0,2.75,20.53,2.17,0.03,1.0,0.001,0.0157,0.116,112.67,429.6,0.115,0.04,193.0,2224.0,0.0,2.75,Cemar Ringan,-4.006888888888889,96.52519444444444
11,Aceh,11.71,Kota Banda Aceh,2020,Krueng Tripa,II,Titik II - Jembatan Besi Desa Lamie Kec. Darul Makmur,"03o 59’ 30,7”","096o 29’ 20,4”",7.26,26.1,127.5,0.07,5.93,64.54,29.0,2.9,17.96,2.25,0.03,1.0,0.001,0.0166,0.201,198.5,435.6,0.059,0.02,405.0,2402.0,0.0,2.552,Cemar Ringan,-3.991861111111111,96.489
11,Aceh,11.71,Kota Banda Aceh,2020,Krueng Tripa,II,Titik III - Desa Mon Dua Kec. Tripa,"03o 58' 10,1”","096o 27’ 19,3” ",7.14,26.2,128.9,0.07,4.49,65.28,42.0,2.48,43.63,2.13,0.03,1.0,0.001,0.0172,0.164,129.84,433.2,0.24,0.05,609.0,2318.0,0.0,2.971,Cemar Ringan,-3.9694722222222225,96.45536111111112
11,Aceh,11.71,Kota Banda Aceh,2020,Krueng Tripa,II,Titik IV - Desa Neubok Yee Kec. Tripa,"03o 57’ 03,1”","096o 25’ 50,7”",7.15,26.3,136.0,0.07,4.7,68.99,53.0,2.63,23.09,2.12,0.03,1.0,0.001,0.0216,0.154,147.0,469.6,0.181,0.02,395.0,2894.0,0.0,2.615,Cemar Ringan,-3.950861111111111,96.43075
11,Aceh,11.71,Kota Banda Aceh,2020,Krueng Tripa,II,Titik V - Desa Drien Tujuh Kec. Tripa,"03o 54’ 19,0”","096o 24’ 31,4”",7.12,26.0,129.8,0.07,4.93,66.38,44.0,2.4,10.27,2.13,0.03,1.0,0.001,0.0201,0.237,207.08,450.8,0.093,0.02,616.0,2513.0,0.0,2.678,Cemar Ringan,-3.9052777777777776,96.40872222222222
11,Aceh,11.01,Kabupaten Aceh Selatan,2020,Krueng Baru,I,Titik I - Jln. Alur Balok Desa Panton Pawoh Kec. Labuhan Haji,"03o 37’ 2,01”","096o 58’ 54,03”",7.28,23.1,102.6,0.01,5.59,7.74,18.0,2.03,18.75,5.47,0.03,0.1,0.02,0.016,0.08,35.43,429.6,0.21,0.03,1880.0,2402.0,0.0,2.846,Cemar Ringan,-3.617225,96.981675
11,Aceh,11.01,Kabupaten Aceh Selatan,2020,Krueng Baru,I,Titik II - Jln. Alur Balok Desa Panton Pawoh Kec. Labuhan Haji,"03o 37’ 7,08”","096o 58’ 26,07”",7.26,24.1,104.0,0.01,5.29,76.2,16.0,2.11,13.75,6.81,0.03,0.1,0.02,0.014,0.24,26.85,433.2,0.18,0.02,578.0,2411.0,0.0,2.663,Cemar Ringan,-3.6186333333333334,96.97390833333334
11,Aceh,11.01,Kabupaten Aceh Selatan,2020,Krueng Baru,I,Titik III - Jln. Guru Ceh Breh Desa Alu Trienggadeng Kec. Lembah Sabil,"03o 36’ 50,7”","096o 57’ 49,0” ",7.68,27.6,106.7,0.03,6.24,78.3,29.0,2.24,8.75,5.16,0.03,0.1,0.02,0.011,0.08,44.01,422.4,0.11,0.05,384.0,2427.0,0.0,2.636,Cemar Ringan,-3.6140833333333333,96.96361111111112
11,Aceh,11.01,Kabupaten Aceh Selatan,2020,Krueng Baru,I,Titik IV - Dekat Jembatan Krueng Baru Desa Krueng Baru Kec. Labuhan Barat,"03o 36’4,06”","0960 57’25,09”",7.75,25.4,108.5,0.05,6.18,80.2,35.0,2.3,5.0,7.36,0.03,0.1,0.02,0.019,0.22,69.76,427.2,0.11,0.01,1205.0,2400.0,0.0,4.304,Cemar Ringan,-3.6011277777777777,960.9569694444444
11,Aceh,11.01,Kabupaten Aceh Selatan,2020,Krueng Baru,I,Titik V - Desa Meunasah Tengah Kec. Lembah Sabil,"03o 35’ 48,07”","096o 57’ 7,06”",8.16,28.4,109.8,0.07,6.5,80.5,37.0,2.28,17.5,6.57,0.03,0.1,0.02,0.018,0.22,78.34,432.4,0.08,0.01,579.0,2411.0,0.0,2.615,Cemar Ringan,-3.5966861111111115,96.95196111111112
11,Aceh,11.01,Kabupaten Aceh Selatan,2020,Krueng Baru,II,Titik I - Jln. Alur Balok Desa Panton Pawoh Kec. Labuhan Haji,"03o 37’ 2,01”","096o 58’ 54,03”",8.36,21.6,71.32,0.04,6.01,36.0,18.0,2.44,3.22,4.06,0.03,1.0,0.001,0.0195,0.3,25.0,410.8,0.22,0.03,1047.0,1904.0,0.0,2.846,Cemar Ringan,-3.617225,96.981675
11,Aceh,11.01,Kabupaten Aceh Selatan,2020,Krueng Baru,II,Titik II - Jln. Alur Balok Desa Panton Pawoh Kec. Labuhan Haji,"03o 37’ 7,08”","096o 58’ 26,07”",7.67,25.5,68.41,0.4,7.69,34.4,16.0,2.71,3.22,4.05,0.03,1.0,0.001,0.0169,0.24,44.01,416.8,0.24,0.01,569.0,2035.0,0.0,2.663,Cemar Ringan,-3.6186333333333334,96.97390833333334
11,Aceh,11.01,Kabupaten Aceh Selatan,2020,Krueng Baru,II,Titik III - Jln. Guru Ceh Breh Desa Alu Trienggadeng Kec. Lembah Sabil,"03o 36’ 50,7”","096o 57’ 49,0” ",7.58,23.3,75.27,0.04,6.11,37.8,30.0,2.55,3.22,4.23,0.03,1.0,0.001,0.0183,0.23,26.85,413.2,0.21,0.01,710.0,2224.0,0.0,2.636,Cemar Ringan,-3.6140833333333333,96.96361111111112
11,Aceh,11.01,Kabupaten Aceh Selatan,2020,Krueng Baru,II,Titik IV - Dekat Jembatan Krueng Baru Desa Krueng Baru Kec. Labuhan Barat,"03o 36’4,06”","0960 57’25,09”",7.63,22.4,73.98,0.06,5.88,37.2,38.0,2.13,3.22,4.39,0.03,1.0,0.001,0.0201,2.05,25.0,417.6,0.17,0.02,935.0,2400.0,0.0,4.304,Cemar Ringan,-3.6011277777777777,960.9569694444444
11,Aceh,11.01,Kabupaten Aceh Selatan,2020,Krueng Baru,II,Titik V - Desa Meunasah Tengah Kec. Lembah Sabil,"03o 35’ 48,07”","096o 57’ 7,06”",7.48,25.4,74.56,0.07,6.11,37.5,33.0,2.32,3.22,4.44,0.03,1.0,0.001,0.0221,0.21,44.01,420.4,0.26,0.02,780.0,2595.0,0.0,2.615,Cemar Ringan,-3.5966861111111115,96.95196111111112
11,Aceh,11.04,Kabupaten Aceh Tengah,2020,Danau Laut Tawar,I,Titik I - Desa Toweren Kec. Lut Tawar (Inlet Danau),"04o 36’ 05,4”","096o 53’ 33,4”",6.93,20.2,130.8,0.07,5.29,66.54,26.0,2.17,35.93,4.55,0.03,0.1,0.02,0.018,0.09,164.17,431.6,0.064,0.01,432.0,4611.0,0.0,3.764,Kondisi Baik,-4.6015,96.89261111111112
11,Aceh,11.04,Kabupaten Aceh Tengah,2020,Danau Laut Tawar,I,Titik II - Desa Pante Menye Kec. Bintang (Alur Masuk ke Danau),"04o 35’ 36,3”","096o 59’ 47,8”",7.72,26.6,153.8,0.08,5.64,77.61,22.0,2.33,10.3,4.5,0.03,0.1,0.02,0.017,0.13,95.51,440.4,0.112,0.02,201.0,528.0,0.0,3.764,Cemar Ringan,-4.593416666666666,96.99661111111111
11,Aceh,11.04,Kabupaten Aceh Tengah,2020,Danau Laut Tawar,I,Titik III - Mata Air Desa Kelitu Kec. Bintang (Alur yang Mengalir ke Danau),"04o 37' 50,3”","096o 56’ 57,6” ",7.04,18.0,242.0,0.12,5.18,123.0,21.0,2.44,12.83,5.28,0.03,0.1,0.02,0.018,0.3,9.68,489.6,0.068,0.01,102.0,318.0,0.0,3.756,Cemar Ringan,-4.630638888888889,96.94933333333334
11,Aceh,11.04,Kabupaten Aceh Tengah,2020,Danau Laut Tawar,I,Titik IV - Intake PDAM Desa Mendale Kec. Kebayakan (Pemanfaatan Air),"04o 38’ 30,0”","0960 51’ 55,6”",7.59,26.5,147.0,0.08,5.05,75.08,24.0,2.64,5.13,4.45,0.03,0.1,0.02,0.019,0.09,52.6,471.6,0.087,0.02,106.0,683.0,0.0,3.765,Cemar Ringan,-4.641666666666667,960.8654444444445
11,Aceh,11.04,Kabupaten Aceh Tengah,2020,Danau Laut Tawar,I,Titik V - Tengah Danau Desa Dedalu Kec. Lut Tawar,"04o 37’ 01,6”","0960 51’ 19,0”",7.06,25.4,157.4,0.08,4.63,79.48,29.0,2.35,5.13,4.5,0.03,0.1,0.02,0.018,0.26,26.85,443.6,0.084,0.04,110.0,331.0,0.0,3.77,Cemar Ringan,-4.617111111111112,960.8552777777778
11,Aceh,11.04,Kabupaten Aceh Tengah,2020,Danau Laut Tawar,I,Titik VI - Desa Balee Bawah Kec. Lut Tawar (Outlet Danau),"04o 37’ 01,8”","096o 50’ 57,9”",7.75,24.7,160.0,0.08,5.7,80.66,24.0,2.05,25.67,4.64,0.03,0.1,0.02,0.019,0.47,61.18,459.2,0.184,0.02,1296.0,14136.0,0.0,3.788,Cemar Ringan,-4.617166666666667,96.84941666666666
11,Aceh,11.04,Kabupaten Aceh Tengah,2020,Danau Laut Tawar,II,Titik I Desa Toweren Kec. Lut Tawar (Inlet Danau),"04o 36’ 05,4”","096o 53’ 33,4”",6.99,21.6,136.3,0.07,7.43,68.57,30.0,2.98,36.57,3.62,0.03,1.0,0.01,0.0166,0.1936,9.68,411.6,0.115,0.02,935.0,3255.0,0.0,3.764,Cemar Ringan,-4.6015,96.89261111111112
11,Aceh,11.04,Kabupaten Aceh Tengah,2020,Danau Laut Tawar,II,Titik II - Desa Pante Menye Kec. Bintang (Alur Masuk ke Danau),"04o 35’ 36,3”","096o 59’ 47,8”",6.98,25.5,164.4,0.08,5.55,83.17,32.0,2.4,62.88,3.88,0.03,1.0,0.01,0.0207,0.1825,52.6,413.6,0.152,0.02,958.0,1674.0,0.0,3.764,Cemar Ringan,-4.593416666666666,96.99661111111111
11,Aceh,11.04,Kabupaten Aceh Tengah,2020,Danau Laut Tawar,II,Titik III - Mata Air Desa Kelitu Kec. Bintang (Alur yang Mengalir ke Danau),"04o 37' 50,3”","096o 56’ 57,6” ",6.99,18.2,240.6,0.12,6.52,121.2,26.0,3.02,28.23,4.86,0.03,1.0,0.01,0.0172,0.199,9.68,421.2,0.107,0.01,867.0,1682.0,0.0,3.756,Cemar Ringan,-4.630638888888889,96.94933333333334
11,Aceh,11.04,Kabupaten Aceh Tengah,2020,Danau Laut Tawar,II,Titik IV - Intake PDAM Desa Mendale Kec. Kebayakan (Pemanfaatan Air),"04o 38’ 30,0”","0960 51’ 55,6”",6.99,23.1,194.7,0.1,3.09,96.5,27.0,2.9,57.75,4.36,0.03,1.0,0.01,0.0157,0.1975,25.0,428.8,0.113,0.03,598.0,1430.0,0.0,3.765,Cemar Ringan,-4.641666666666667,960.8654444444445
11,Aceh,11.04,Kabupaten Aceh Tengah,2020,Danau Laut Tawar,II,Titik V - Tengah Danau Desa Dedalu Kec. Lut Tawar,"04o 37’ 01,6”","0960 51’ 19,0”",7.0,23.2,167.5,0.09,4.74,86.04,22.0,2.52,43.63,4.42,0.03,1.0,0.01,0.0192,0.208,44.01,418.8,0.182,0.05,616.0,1110.0,0.0,3.77,Cemar Ringan,-4.617111111111112,960.8552777777778
11,Aceh,11.04,Kabupaten Aceh Tengah,2020,Danau Laut Tawar,II,Titik VI - Desa Balee Bawah Kec. Lut Tawar (Outlet Danau),"04o 37’ 01,8”","096o 50’ 57,9”",7.0,23.0,171.7,0.09,4.21,86.65,30.0,2.05,44.91,4.15,0.03,1.0,0.01,0.0183,0.2776,9.68,433.2,0.173,0.02,889.0,2075.0,0.0,3.788,Cemar Ringan,-4.617166666666667,96.84941666666666
11,Aceh,11.72,Kota Sabang,2020,Danau Aneuk Laot,I,Titik I - Inlet Danau (Saluran Sumber Air Gunung) Lingkungan Putro Ijo Desa Aneuk Laot Kec. Suka Karya,"05o 52’ 12,4”","095o 19’ 56,5”",7.06,29.9,569.8,0.24,5.31,526.4,21.0,24822.0,69.29,4.36,0.03,1.0,0.001,0.0245,0.82,164.17,431.6,0.192,0.03,26.6,2419.6,0.0,3.105,Cemar Ringan,-5.870111111111112,95.33236111111111
11,Aceh,11.72,Kota Sabang,2020,Danau Aneuk Laot,I,Titik II - Tengah Danau Lingkungan Putro Ijo Gampong Danau Aneuk Laot Kec. Suka Karya,"05o 52’ 07,11”","095o 19’ 52,9”",7.14,30.8,251.3,0.12,5.55,234.5,24.0,20168.0,47.0,5668.0,0.03,1.0,0.001,0.0192,0.31,198.5,448.8,0.302,0.01,10.7,86.9,0.0,2.504,Cemar Ringan,-5.868641666666667,95.33136111111111
11,Aceh,11.72,Kota Sabang,2020,Danau Aneuk Laot,I,Titik III - Intake PDAM/Pemanfaatan Air Desa Aneuk Laot Kec. Suka Karya,"05o 52’11,24”","095o 19’32,46” ",7.07,29.3,260.2,0.11,6.16,240.1,18.0,2327.0,20.53,4879.0,0.03,1.0,0.001,0.0186,0.19,189.92,436.4,0.146,0.01,15.5,259.5,0.0,2.024,Cemar Ringan,-5.869788888888889,95.32568333333333
11,Aceh,11.72,Kota Sabang,2020,Danau Aneuk Laot,I,Titik IV - Komplek Mata Air & Swembat Desa Aneuk Laot Kec. Suka Karya,"05o 52’ 42,2”","0950 19’ 36,8”",6.88,28.7,529.9,0.25,5.79,489.8,17.0,20943.0,21.82,4476.0,0.03,1.0,0.001,0.0175,0.34,172.75,456.4,0.003,0.04,3.0,33.2,0.0,2.42,Cemar Ringan,-5.87838888888889,950.3268888888889
11,Aceh,11.72,Kota Sabang,2020,Danau Aneuk Laot,I,Titik V - Outlet Danau (Air Alur) Desa Pasiran Kec. Suka Karya,"05o 52’ 52,7”","095o 19’ 28,8”",7.09,29.0,540.7,0.25,3.27,498.1,28.0,31415.0,43.63,4701.0,0.03,1.0,0.001,0.0169,0.58,198.5,450.8,0.279,0.02,69.5,410.6,0.0,2.842,Cemar Ringan,-5.8813055555555565,95.32466666666666
11,Aceh,11.72,Kota Sabang,2020,Danau Aneuk Laot,II,Titik I - Inlet Danau (Saluran Sumber Air Gunung) Lingkungan Putro Ijo Desa Aneuk Laot Kec. Suka Karya,"05o 52’ 12,4”","095o 19’ 56,5”",6.96,29.6,468.1,0.22,3.73,242.6,26.0,2.17,25.02,4.03,0.03,1.0,0.01,0.0169,0.2676,215.66,407.6,0.109,0.04,156.5,2419.6,0.0,3.105,Cemar Ringan,-5.870111111111112,95.33236111111111
11,Aceh,11.72,Kota Sabang,2020,Danau Aneuk Laot,II,Titik II - Tengah Danau Lingkungan Putro Ijo Gampong Danau Aneuk Laot Kec. Suka Karya,"05o 52’ 07,1”","095o 19’ 52,9”",6.99,28.7,256.6,0.12,7.14,126.8,28.0,1.51,80.84,3.89,0.03,1.0,0.01,0.0154,0.2838,129.84,411.2,0.113,0.02,14.5,66.3,0.0,2.504,Cemar Ringan,-5.868638888888889,95.33136111111111
11,Aceh,11.72,Kota Sabang,2020,Danau Aneuk Laot,II,Titik III - Intake PDAM/Pemanfaatan Air Desa Aneuk Laot Kec. Suka Karya,"05o 52’11,24”","095o 19’32,46” ",6.97,29.3,254.1,0.12,5.1,124.9,19.0,1.98,89.83,4.04,0.03,1.0,0.01,0.0204,0.2762,44.01,0.096,0.096,0.02,32.8,228.2,0.0,2.024,Cemar Ringan,-5.869788888888889,95.32568333333333
11,Aceh,11.72,Kota Sabang,2020,Danau Aneuk Laot,II,Titik IV - Komplek Mata Air & Swembat Desa Aneuk Laot Kec. Suka Karya,"05o 52’ 42,2”","0950 19’ 36,8”",6.97,29.1,526.8,0.24,3.58,242.9,18.0,2.02,20.53,4.23,0.03,1.0,0.01,0.0239,0.1185,61.18,422.8,0.124,0.06,10.8,79.4,0.0,2.42,Cemar Ringan,-5.87838888888889,950.3268888888889
11,Aceh,11.72,Kota Sabang,2020,Danau Aneuk Laot,II,Titik V - Outlet Danau (Air Alur) Desa Pasiran Kec. Suka Karya,"05o 52’ 52,7”","095o 19’ 28,8”",6.97,29.4,556.3,0.26,2.06,267.3,31.0,2.06,59.03,3.97,0.036,1.0,0.01,0.0137,0.2015,198.5,417.6,0.15,0.03,77.1,328.2,0.0,2.842,Cemar Ringan,-5.8813055555555565,95.32466666666666
